,Name,IPEDS#,Carm R1,HBC,% Blk Total Students,% Hisp Total Students,2017 US News top 65,2014 Med School,Vet School, Total Enroll ,% Grad Enroll,Six-year graduation rate, ACT/ SAT Avg ,Fresh Admit Rate,% Freshmen Retention,% UG Pell Grants,% Bachelors,% Doct/ Profess,Total E&G Expend,E&G / St. FTE,State Approp Rev,Tuition/Fee Rev ,% Rev from State,% Rev from Tuit/Fees,% from State / Tuition,Endowment,Total Research Expenditures ($000),Student Faculty Ratio,Total Faculty,ARU Faculty Awards,Wall St. Jourl Rank, ST. FTE ,Total Degrees,Total Expend,Total Revenue,Enowment / St. FTE,Total Research Exp - Med School Exp ($000),AG Research ($000),Total Tenure /Tenure-Track Facutly,Facutly FTE,% UG with Loans,% UG Age 25 +,% Total Age 25 +, % Full-Time ,Faculty Academy Memb, UG Total Enroll , GR Total Enroll , Full-time Students , Part-time Students ,UG Enroll Age 25 +,GR Enroll Age 25 +,Bach Degrees,Masters Degrees,Doctoral Degrees,Profess Degrees,ACT/ SAT 25%,ACT/ SAT 75%,(State/ Tuit)/ St. FTE,Med School Res $,Academic Support Expenditures,Student Services Expenditures,Endowment Figure,Endowment per Student FTE,Total Faculty,Total Tenure /Tenure-Track Facutly
0,Univ. of Tennessee - Knoxville,221759,1,No, 7 , 3 ,46,,x," 27,845 ", 21 , 70 , 27.0 , 76 , 85 , 29 , 69 , 8 ,"$966,312,187","$46,674","$296,797,701","$268,584,809",23,21,44,"$597,474,890"," $240,592 ", 17 ," 1,731 ", 11 ,253," 25,590 "," 6,755 ","$1,194,401,634","$1,285,481,361","$23,224"," $240,592 "," $1,274 "," 1,123 "," 1,594 ", 44 , 7 , 21 , 88 , 5 ," 21,863 "," 5,982 "," 24,463 "," 3,382 "," 1,638 "," 4,245 "," 4,632 "," 1,551 ", 353 , 219 , 24 , 30 ,"$22,094", $-   ," $782,734,414 ","$30,587","$782,734,414","$30,587"," 1,526 "," 1,117 "
1,Univ. of Georgia,139959,1,No, 8 , 5 ,18,,x," 36,130 ", 24 , 85 , 27.5 , 53 , 95 , 20 , 75 , 9 ,"$1,137,484,065","$39,163","$400,083,488","$401,047,785",27,27,54,"$1,016,731,788"," $374,264 ", 18 ," 2,245 ", 8 ,245," 33,741 "," 9,937 ","$1,321,399,791","$1,475,768,192","$29,295"," $374,264 "," $79,815 "," 1,606 "," 2,028 ", 38 , 3 , 19 , 90 , 6 ," 27,547 "," 8,583 "," 32,546 "," 3,584 ", 938 ," 5,781 "," 7,447 "," 1,598 ", 467 , 425 , 25 , 30 ,"$23,744", $-   ," $939,024,216 ","$27,831","$939,024,216","$27,831"," 1,918 "," 1,606 "
2,Purdue Univ.,243780,1,No, 3 , 4 ,20,,x," 40,472 ", 24 , 75 , 26.5 , 59 , 92 , 17 , 72 , 9 ,"$1,381,693,913","$44,341","$305,080,282","$624,529,024",17,34,51,"$2,255,000,000"," $558,611 ", 12 ," 1,864 ", 14 ,37," 36,844 "," 10,245 ","$1,633,695,271","$1,814,728,285","$39,927"," $558,611 "," $120,012 "," 1,747 "," 2,070 ", 33 , 4 , 20 , 87 , 27 ," 30,560 "," 9,912 "," 35,030 "," 5,442 "," 1,369 "," 6,710 "," 7,346 "," 1,859 ", 717 , 256 , 23 , 30 ,"$25,231", $-   ," $2,445,541,926 ","$66,376","$2,445,541,926","$66,376"," 1,783 "," 1,700 "
3,Texas A&M Univ. ,228723,1,No, 3 , 19 ,27,pre clin,x," 63,813 ", 23 , 79 , 26.0 , 67 , 90 , 24 , 71 , 10 ,"$2,325,612,600","$48,196","$1,145,743,188","$568,219,956",37,18,55,"$9,944,935,710"," $866,678 ", 20 ," 3,579 ", 18 ,80," 58,252 "," 14,647 ","$2,807,502,613","$3,106,852,015","$169,313"," $814,620 "," $181,658 "," 2,061 "," 3,182 ", 33 , 3 , 18 , 87 , 24 ," 48,959 "," 14,854 "," 55,471 "," 8,342 "," 1,532 "," 9,977 "," 10,449 "," 2,710 ", 758 , 730 , 23 , 29 ,"$29,423"," $52,058 "," $10,521,034,492 ","$180,613","$10,521,034,492","$180,613"," 2,983 "," 1,995 "
4,Michigan State Univ.,171100,1,No, 7 , 4 ,33,x,x," 50,538 ", 23 , 77 , 25.5 , 66 , 92 , 21 , 71 , 10 ,"$1,761,182,407","$47,701","$264,429,100","$796,953,689",11,33,44,"$2,591,886,153"," $558,248 ", 17 ," 3,076 ", 16 ,63," 46,197 "," 11,641 ","$2,203,615,657","$2,409,680,754","$58,872"," $505,654 "," $104,617 "," 1,831 "," 2,948 ", 45 , 3 , 19 , 87 , 12 ," 39,143 "," 11,395 "," 44,026 "," 6,512 "," 1,262 "," 8,167 "," 8,299 "," 2,138 ", 577 , 627 , 23 , 28 ,"$22,975"," $52,594 "," $2,549,137,018 ","$55,180","$2,549,137,018","$55,180"," 2,616 "," 1,811 "
5,Univ. of Minnesota ,174066,1,No, 4 , 3 ,26,x,x," 50,678 ", 33 , 77 , 28.5 , 45 , 93 , 20 , 63 , 13 ,"$2,654,252,526","$70,137","$565,807,305","$622,508,322",18,20,38,"$3,268,184,653"," $880,618 ", 17 ," 3,760 ", 32 ,110," 42,805 "," 13,521 ","$3,002,216,917","$3,093,036,263","$53,913"," $635,400 "," $89,171 "," 2,363 "," 3,860 ", 42 , 10 , 31 , 77 , 40 ," 34,071 "," 16,607 "," 38,869 "," 11,809 "," 3,496 "," 12,448 "," 8,452 "," 3,308 ", 725 ," 1,036 ", 26 , 31 ,"$27,761"," $245,218 "," $2,992,707,059 ","$69,914","$2,992,707,059","$69,914"," 3,096 "," 2,191 "
6,Clemson Univ.,,1,No, 6 , 3 ,23,,," 22,698 ", 21 , 81 , 29.0 , 51 , 93 , 15 , 72 , 4 ,"$693,048,280","$40,436","$106,344,796","$316,893,164",13,39,53,#N/A," $171,215 ", 18 ," 1,263 ", 4 ,207," 20,983 "," 5,351 ","$848,463,389","$804,913,728",#N/A," $171,215 "," $12,506 ", 882 ," 1,177 ", 43 , 4 , 18 , 89 , 2 ," 18,016 "," 4,682 "," 20,125 "," 2,573 ", 696 ," 3,283 "," 3,844 "," 1,270 ", 237 , -   , 27 , 31 ,"$20,171", $-   ," $836,151,997 ","$39,850","$836,151,997","$39,850"," 1,134 ", 878 
7,Indiana Univ. ,151351,1,No, 4 , 5 ,36,,," 48,514 ", 21 , 77 , 26.0 , 78 , 89 , 18 , 70 , 7 ,"$1,152,460,573","$35,951","$211,850,535","$705,286,278",14,47,61,"$1,986,645,862"," $485,076 ", 17 ," 2,316 ", 17 ,129," 41,507 "," 11,116 ","$1,492,193,010","$1,511,178,406","$23,496"," $198,150 ",," 1,348 "," 2,110 ", 32 , 2 , 17 , 78 , 8 ," 38,364 "," 10,150 "," 38,003 "," 10,511 ", 835 ," 7,277 "," 7,798 "," 2,487 ", 538 , 279 , 23 , 29 ,"$22,096"," $286,926 "," $961,053,869 ","$23,154","$961,053,869","$23,154"," 1,995 "," 1,348 "
8,Rutgers Univ. ,186380,1,No, 8 , 12 ,25,x,," 49,428 ", 28 , 80 , 27.0 , 58 , 93 , 28 , 65 , 11 ,"$1,974,609,000","$67,818","$680,668,000","$654,304,000",22,21,43,"$1,076,777,714"," $628,613 ", 15 ," 5,694 ", 20 ,110," 44,562 "," 11,707 ","$3,022,117,000","$3,123,546,000","$18,230"," $509,678 "," $31,354 "," 1,767 "," 4,004 ", 52 , 8 , 25 , 85 , 36 ," 35,484 "," 13,944 "," 42,129 "," 7,299 "," 2,777 "," 9,708 "," 7,569 "," 2,780 ", 597 , 656 , 24 , 30 ,"$29,958"," $118,935 "," $763,561,000 ","$17,135","$763,561,000","$17,135"," 3,158 "," 1,753 "
9,Auburn Univ.,100858,2,No, 7 , 3 ,43,,x," 27,287 ", 20 , 73 , 27.0 , 78 , 90 , 14 , 74 , 8 ,"$713,358,897","$35,990","$222,838,374","$363,014,113",23,37,60,"$703,759,237"," $135,899 ", 19 ," 1,399 ", 1 ,273," 24,372 "," 6,264 ","$877,156,995","$974,160,311","$28,723"," $135,899 "," $56,845 "," 1,021 "," 1,277 ", 35 , 4 , 16 , 84 , 1 ," 21,786 "," 5,501 "," 22,915 "," 4,372 ", 931 ," 3,564 "," 4,638 "," 1,107 ", 257 , 262 , 24 , 30 ,"$24,038", $-   ," $593,270,763 ","$24,342","$593,270,763","$24,342"," 1,216 ", 996 
10,Iowa State Univ.,153603,1,No, 3 , 4 ,51,,x," 35,714 ", 16 , 71 , 25.0 , 87 , 87 , 20 , 82 , 6 ,"$924,545,163","$34,833","$250,353,637","$319,863,216",20,26,46,"$760,460,621"," $306,125 ", 19 ," 1,870 ", 10 ,315," 33,571 "," 7,530 ","$1,169,360,661","$1,236,446,158","$22,141"," $306,125 "," $49,050 "," 1,326 "," 1,681 ", 52 , 5 , 15 , 91 , 5 ," 30,034 "," 5,680 "," 32,499 "," 3,215 "," 1,508 "," 3,942 "," 6,144 ", 903 , 336 , 147 , 22 , 28 ,"$16,986", $-   ," $702,478,683 ","$20,925","$702,478,683","$20,925"," 1,587 "," 1,285 "
11,NC State Univ.,199193,1,No, 6 , 4 ,38,,x," 34,015 ", 29 , 75 , 27.5 , 50 , 93 , 21 , 64 , 7 ,"$1,145,457,853","$46,212","$481,548,424","$270,139,559",33,19,52,"$998,600,000"," $468,293 ", 15 ," 1,965 ", 14 ,143," 29,183 "," 8,657 ","$1,348,601,157","$1,449,454,784","$35,429"," $468,293 "," $99,041 "," 1,360 "," 1,802 ", 41 , 9 , 26 , 79 , 20 ," 24,111 "," 9,904 "," 26,767 "," 7,248 "," 2,121 "," 6,767 "," 5,555 "," 2,338 ", 512 , 79 , 25 , 30 ,"$25,758", $-   ," $885,055,000 ","$30,328","$885,055,000","$30,328"," 1,690 "," 1,350 "
12,Pennsylvania State Univ. ,214777,1,No, 4 , 6 ,14,pre clin,," 47,307 ", 14 , 86 , 26.5 , 51 , 93 , 13 , 84 , 6 ,"$3,027,334,000","$106,475","$399,783,000","$1,696,729,000",8,32,40,"$3,742,900,000"," $791,031 ", 16 ," 3,540 ", 21 ,96," 46,042 "," 13,013 ","$4,902,341,000","$5,293,400,000","$81,293"," $698,465 "," $86,469 "," 1,608 "," 3,051 ", 49 , 2 , 12 , 96 , 27 ," 40,742 "," 6,565 "," 45,410 "," 1,897 ", 991 ," 4,521 "," 10,876 "," 1,342 ", 673 , 102 , 24 , 29 ,"$45,534"," $92,566 ", $-   ,$0,"$1,434,107,000","$31,148"," 2,787 "," 1,608 "
13,Univ. of California - Davis,110644,1,No, 2 , 17 ,10,x,x," 35,186 ", 20 , 85 , 26.5 , 38 , 93 , 38 , 79 , 10 ,"$2,125,853,500","$114,412","$373,591,000","$460,452,000",9,11,20,"$965,805,389"," $721,077 ", 18 ," 2,615 ", 14 ,43," 34,260 "," 9,863 ","$3,919,758,000","$4,081,222,000","$27,613"," $554,564 "," $137,628 "," 1,475 "," 2,349 ", 39 , 6 , 19 , 96 , 46 ," 28,257 "," 6,929 "," 33,797 "," 1,389 "," 1,642 "," 5,002 "," 7,762 "," 1,123 ", 553 , 425 , 23 , 30 ,"$24,345"," $166,513 "," $320,745,000 ","$9,362","$320,745,000","$9,362"," 2,211 "," 1,431 "
14,Ohio State Univ. ,204796,1,No, 5 , 4 ,16,x,x," 58,663 ", 23 , 83 , 29.0 , 49 , 94 , 17 , 71 , 11 ,"$2,324,441,728","$97,197","$416,187,680","$811,302,294",7,14,22,"$1,722,216,779"," $817,881 ", 19 ," 5,093 ", 29 ,71," 53,540 "," 15,303 ","$5,203,887,926","$5,627,192,064","$29,036"," $479,769 "," $58,895 "," 2,407 "," 4,094 ", 43 , 8 , 21 , 87 , 32 ," 45,289 "," 13,374 "," 50,978 "," 7,685 "," 3,602 "," 8,434 "," 10,898 "," 2,707 ", 832 , 863 , 27 , 31 ,"$22,927"," $338,112 "," $3,595,323,149 ","$67,153","$3,595,323,149","$67,153"," 3,594 "," 2,386 "
15,Univ. of Florida,134130,1,No, 6 , 17 ,14,x,x," 50,645 ", 34 , 87 , 28.0 , 48 , 96 , 27 , 59 , 13 ,"$2,463,330,000","$57,442","$638,531,000","$375,820,000",22,13,35,"$1,467,823,502"," $739,522 ", 20 ," 2,998 ", 15 ,56," 45,313 "," 14,634 ","$2,602,872,000","$2,865,955,000","$44,229"," $465,988 "," $167,641 "," 2,078 "," 2,647 ", 31 , 5 , 25 , 84 , 25 ," 33,402 "," 17,243 "," 42,647 "," 7,998 "," 1,541 "," 11,373 "," 8,696 "," 3,630 ", 778 ," 1,137 ", 26 , 30 ,"$22,385"," $273,534 "," $1,519,964,000 ","$33,544","$1,519,964,000","$33,544"," 2,471 "," 1,981 "
16,Univ. of Illinois ,145637,1,No, 5 , 8 ,10,x,x," 45,842 ", 27 , 85 , 28.5 , 66 , 93 , 21 , 66 , 9 ,"$2,257,275,682","$59,986","$258,640,256","$719,151,731",10,27,37,"$1,489,990,976"," $639,817 ", 19 ," 2,593 ", 29 ,48," 43,118 "," 13,041 ","$2,586,487,077","$2,646,806,576","$32,503"," $639,817 "," $130,410 "," 1,835 "," 2,383 ", 38 , 2 , 18 , 91 , 55 ," 33,368 "," 12,474 "," 41,756 "," 4,086 ", 674 ," 7,540 "," 8,621 "," 3,286 ", 829 , 305 , 26 , 31 ,"$22,677", $-   ," $1,289,584,273 ","$29,908","$1,289,584,273","$29,908"," 2,278 "," 1,799 "
17,Univ. of Wisconsin ,240444,1,No, 2 , 5 ,10,x,x," 42,716 ", 27 , 85 , 29.0 , 58 , 96 , 12 , 71 , 12 ,"$2,175,188,662","$63,725","$387,773,287","$413,841,600",15,16,31,"$2,739,728,036"," $1,069,077 ", 18 ," 4,363 ", 26 ,67," 39,792 "," 12,406 ","$2,535,761,218","$2,546,274,588","$70,553"," $763,051 "," $55,099 "," 2,107 "," 3,746 ", 35 , 5 , 22 , 90 , 75 ," 30,991 "," 11,725 "," 38,330 "," 4,386 "," 1,577 "," 8,020 "," 8,747 "," 2,153 ", 857 , 649 , 27 , 31 ,"$20,145"," $306,026 "," $3,133,196,699 ","$78,739","$3,133,196,699","$78,739"," 3,393 "," 1,982 "
18,Univ. of California - Berkeley,110635,1,No, 2 , 12 ,1,,," 38,189 ", 28 , 92 , 31.0 , 17 , 96 , 26 , 71 , 10 ,"$2,398,394,750","$72,157","$344,389,000","$730,157,000",12,26,38,"$3,845,280,801"," $788,505 ", 17 ," 2,337 ", 32 ,37," 36,703 "," 12,067 ","$2,648,373,000","$2,845,717,000","$103,398"," $788,505 "," $62,493 "," 1,404 "," 1,900 ", 26 , 6 , 26 , 94 , 230 ," 27,496 "," 10,693 "," 35,960 "," 2,229 "," 1,686 "," 8,091 "," 8,516 "," 2,386 ", 826 , 339 , 28 , 34 ,"$29,277", $-   ," $1,671,939,000 ","$45,553","$1,671,939,000","$45,553"," 1,650 "," 1,381 "
19,Univ. of California - Los Angeles,110662,1,No, 3 , 18 ,2,x,," 41,908 ", 29 , 91 , 29.5 , 17 , 96 , 30 , 66 , 11 ,"$3,937,954,640","$154,179","$473,116,000","$668,355,000",7,10,17,"$3,849,133,252"," $1,021,227 ", 16 ," 4,395 ", 33 ,26," 40,967 "," 12,749 ","$6,316,298,000","$6,630,992,000","$90,249"," $472,843 ",," 1,731 "," 3,682 ", 35 , 5 , 25 , 97 , 100 ," 29,585 "," 12,323 "," 40,497 "," 1,411 "," 1,517 "," 8,892 "," 8,373 "," 2,992 ", 774 , 610 , 26 , 33 ,"$27,863"," $548,384 "," $1,616,045,000 ","$39,447","$1,616,045,000","$39,447"," 3,290 "," 1,688 "
20,Univ. of California - Santa Barbara,110705,1,No, 2 , 24 ,8,,," 23,497 ", 12 , 81 , 27.5 , 33 , 93 , 38 , 86 , 6 ,"$809,412,478","$43,285","$185,034,000","$325,013,000",19,33,51,"$279,311,267"," $222,870 ", 17 ," 1,103 ", 11 ,106," 23,150 "," 6,225 ","$1,002,033,000","$998,909,000","$11,993"," $222,870 ",, 810 , 983 , 40 , 2 , 11 , 98 , 58 ," 20,607 "," 2,890 "," 22,976 ", 521 , 464 ," 2,027 "," 5,357 ", 519 , 349 , -   , 24 , 31 ,"$22,033", $-   ," $144,379,000 ","$6,237","$144,379,000","$6,237", 923 , 803 
21,Univ. of Maryland ,163286,1,No, 11 , 8 ,20,,," 38,140 ", 28 , 86 , 29.5 , 45 , 95 , 14 , 70 , 6 ,"$1,471,736,805","$50,307","$466,392,497","$434,750,774",26,24,50,"$466,074,705"," $505,699 ", 17 ," 2,488 ", 11 ,100," 35,047 "," 10,955 ","$1,763,134,901","$1,813,041,454","$14,163"," $505,699 "," $56,326 "," 1,410 "," 2,038 ", 34 , 7 , 25 , 88 , 30 ," 27,443 "," 10,697 "," 33,501 "," 4,639 "," 1,793 "," 7,582 "," 7,700 "," 2,562 ", 654 , 39 , 27 , 32 ,"$25,712", $-   ," $487,268,756 ","$13,903","$487,268,756","$13,903"," 1,813 "," 1,376 "
22,Univ. of Michigan ,170976,1,No, 4 , 5 ,4,x,," 43,651 ", 35 , 90 , 31.0 , 26 , 97 , 13 , 58 , 12 ,"$2,828,120,000","$154,853","$295,174,000","$990,071,000",4,15,19,"$9,743,461,082"," $1,369,278 ", 12 ," 7,703 ", 50 ,24," 41,960 "," 14,005 ","$6,497,563,000","$6,713,333,000","$176,970"," $805,834 "," $18,542 "," 2,934 "," 6,713 ", 32 , 2 , 23 , 94 , 106 ," 28,312 "," 15,339 "," 41,114 "," 2,537 ", 498 ," 9,541 "," 8,097 "," 4,296 ", 882 , 730 , 29 , 33 ,"$30,630"," $563,444 "," $9,603,919,000 ","$228,885","$9,603,919,000","$228,885"," 6,218 "," 2,744 "
23,Univ. of North Carolina ,199120,1,No, 8 , 7 ,5,x,," 29,084 ", 37 , 90 , 30.5 , 31 , 97 , 20 , 64 , 13 ,"$2,172,914,100","$116,880","$479,186,534","$395,005,214",15,13,28,"$2,899,973,752"," $966,781 ", 14 ," 1,966 ", 21 ,30," 25,741 "," 9,261 ","$3,008,647,399","$3,099,203,311","$105,385"," $432,593 ",," 1,215 "," 1,816 ", 32 , 4 , 30 , 83 , 38 ," 18,415 "," 10,669 "," 24,070 "," 5,014 ", 710 ," 7,951 "," 5,901 "," 2,141 ", 519 , 700 , 28 , 33 ,"$33,961"," $534,188 "," $2,659,759,286 ","$103,326","$2,659,759,286","$103,326"," 1,731 "," 1,209 "
24,Univ. of Pittsburgh ,215293,1,No, 5 , 3 ,24,x,," 28,649 ", 34 , 82 , 28.0 , 54 , 92 , 15 , 61 , 13 ,"$1,819,598,000","$73,917","$184,905,000","$580,633,000",9,28,37,"$3,546,458,000"," $861,205 ", 15 ," 4,640 ", 28 ,59," 26,526 "," 8,617 ","$1,960,705,000","$2,060,915,000","$108,406"," $240,100 ",," 1,597 "," 4,168 ", 54 , 6 , 26 , 89 , 33 ," 18,908 "," 9,741 "," 25,464 "," 3,185 "," 1,132 "," 6,259 "," 5,232 "," 2,295 ", 438 , 652 , 26 , 30 ,"$28,860"," $621,105 ", $-   ,$0,"$3,610,395,000","$136,109"," 3,932 "," 1,565 "
25,Univ. of Texas - Austin,228778,1,No, 4 , 20 ,18,x,," 50,950 ", 22 , 80 , 29.0 , 39 , 95 , 22 , 68 , 10 ,"$2,111,270,659","$52,969","$829,369,276","$471,983,244",30,17,47,"$10,935,780,996"," $650,608 ", 18 ," 3,043 ", 17 ,51," 48,321 "," 14,070 ","$2,559,511,752","$2,763,545,564","$234,176"," $646,273 ",," 1,855 "," 2,833 ", 36 , 4 , 19 , 92 , 72 ," 39,619 "," 11,331 "," 47,007 "," 3,943 "," 1,694 "," 7,835 "," 9,503 "," 3,188 ", 899 , 480 , 26 , 32 ,"$26,931"," $4,335 "," $3,376,824,061 ","$69,883","$3,376,824,061","$69,883"," 2,728 "," 1,855 "
26,Univ. of Virginia,234076,1,No, 6 , 5 ,2,x,," 23,883 ", 30 , 93 , 30.5 , 30 , 97 , 12 , 64 , 12 ,"$1,226,864,767","$125,365","$136,725,428","$479,424,150",4,15,19,"$5,852,308,928"," $373,218 ", 15 ," 2,285 ", 11 ,56," 22,459 "," 7,463 ","$2,815,575,207","$3,201,054,439","$27,987"," $154,425 ",," 1,392 "," 2,180 ", 26 , 5 , 24 , 91 , 24 ," 16,736 "," 7,147 "," 21,747 "," 2,136 ", 762 ," 4,946 "," 4,812 "," 1,760 ", 366 , 525 , 28 , 33 ,"$27,434"," $218,793 "," $5,876,310,216 ","$261,646","$5,876,310,216","$261,646"," 2,127 "," 1,387 "
27,Univ. of Washington,236948,1,No, 2 , 7 ,16,x,," 45,408 ", 32 , 84 , 27.5 , 53 , 94 , 21 , 63 , 10 ,"$3,014,445,149","$113,431","$255,156,233","$914,419,476",5,18,23,"$2,968,012,527"," $1,180,563 ", 20 ," 4,559 ", 39 ,61," 41,851 "," 13,344 ","$4,747,225,369","$4,982,563,228","$53,035"," $645,304 "," $30,856 "," 2,910 "," 3,899 ", 30 , 9 , 30 , 88 , 116 ," 31,063 "," 14,345 "," 40,073 "," 5,335 "," 2,811 "," 10,970 "," 8,343 "," 3,606 ", 841 , 554 , 24 , 31 ,"$27,946"," $535,259 "," $2,915,057,707 ","$69,653","$2,915,057,707","$69,653"," 3,569 "," 2,554 "
28,Louisiana State Univ. ,159391,1,No, 12 , 6 ,64,,x," 31,524 ", 17 , 67 , 25.5 , 77 , 85 , 22 , 73 , 9 ,"$913,203,418","$38,006","$217,160,961","$308,224,959",19,26,45,"$416,717,253"," $281,154 ", 23 ," 1,451 ", 5 ,441," 29,067 "," 6,441 ","$1,104,694,912","$1,164,446,959","$14,233"," $281,154 "," $74,013 ", 965 ," 1,338 ", 30 , 5 , 16 , 88 , 3 ," 26,156 "," 5,368 "," 27,838 "," 3,686 "," 1,356 "," 3,641 "," 4,707 "," 1,130 ", 331 , 273 , 23 , 28 ,"$18,075", $-   ," $506,467,351 ","$17,424","$506,467,351","$17,424"," 1,282 ", 965 
29,Virginia Tech,233921,1,No, 4 , 5 ,27,,x," 32,663 ", 22 , 83 , 26.5 , 73 , 94 , 15 , 75 , 7 ,"$1,046,798,126","$41,580","$242,830,896","$411,207,016",18,30,48,"$842,991,159"," $504,282 ", 14 ," 1,745 ", 7 ,149," 30,759 "," 8,204 ","$1,278,963,580","$1,352,244,962","$26,949"," $504,282 "," $104,627 "," 1,424 "," 1,809 ", 42 , 3 , 18 , 91 , 16 ," 25,384 "," 7,279 "," 29,807 "," 2,856 ", 637 ," 5,245 "," 6,134 "," 1,428 ", 488 , 105 , 24 , 29 ,"$21,263", $-   ," $788,800,000 ","$25,645","$788,800,000","$25,645"," 1,731 "," 1,419 "
30,Univ. of Kentucky,157085,1,No, 7 , 4 ,63,x,x," 29,727 ", 24 , 63 , 25.0 , 89 , 83 , 26 , 69 , 12 ,"$1,288,801,010","$94,760","$279,611,300","$302,936,441",9,10,20,"$1,096,112,000"," $331,705 ", 17 ," 2,134 ", 12 ,380," 27,872 "," 6,572 ","$2,641,130,361","$2,954,536,247","$38,024"," $204,321 "," $59,511 "," 1,526 "," 1,836 ", 45 , 7 , 21 , 91 , 3 ," 22,705 "," 7,022 "," 26,944 "," 2,783 "," 1,659 "," 4,553 "," 4,504 "," 1,260 ", 295 , 513 , 22 , 28 ,"$20,901"," $127,384 "," $1,215,225,687 ","$43,601","$1,215,225,687","$43,601"," 1,686 "," 1,477 "
31,Mississippi State Univ.,176080,2,No, 19 , 2 ,93,,x," 20,873 ", 17 , 60 , 25.0 , 65 , 82 , 32 , 77 , 5 ,"$557,124,295","$33,938","$180,278,300","$134,396,877",27,20,46,"$444,485,187"," $226,359 ", 19 ," 1,110 ", 1 ,487," 18,873 "," 4,197 ","$640,511,953","$677,923,258","$23,809"," $226,359 "," $106,463 ", 749 ," 1,007 ", 49 , 10 , 20 , 86 , 2 ," 17,421 "," 3,452 "," 17,873 "," 3,000 "," 1,659 "," 2,596 "," 3,211 ", 760 , 146 , 80 , 21 , 29 ,"$16,673", $-   ," $456,609,736 ","$24,194","$456,609,736","$24,194", 956 , 748 
32,Univ. of Missouri ,178396,1,No, 7 , 3 ,51,x,x," 35,424 ", 22 , 69 , 26.5 , 78 , 87 , 21 , 72 , 9 ,"$889,922,805","$65,026","$224,562,005","$343,506,166",10,15,26,"$869,565,594"," $246,684 ", 20 ," 2,664 ", 6 ,325," 32,468 "," 8,347 ","$2,111,260,516","$2,216,331,274","$28,357"," $222,677 "," $86,596 ", 990 ," 2,130 ", 46 , 3 , 18 , 87 , 8 ," 27,791 "," 7,633 "," 30,990 "," 4,434 ", 940 ," 5,309 "," 5,995 "," 1,571 ", 435 , 346 , 24 , 29 ,"$17,496"," $24,007 "," $806,717,048 ","$24,847","$806,717,048","$24,847"," 1,848 ", 973 
33,Univ. of Alabama ,100751,2,No, 11 , 4 ,46,,," 37,098 ", 14 , 67 , 26.5 , 54 , 86 , 19 , 74 , 6 ,"$735,249,498","$27,602","$146,222,914","$452,717,202",14,45,59,"$798,438,258"," $58,234 ", 24 ," 1,867 ", 4 ,398," 33,706 "," 8,390 ","$930,367,041","$1,008,832,367","$22,735"," $58,234 ",, 897 ," 1,508 ", 41 , 8 , 17 , 86 , -   ," 31,958 "," 5,140 "," 32,010 "," 5,088 "," 2,590 "," 3,556 "," 6,195 "," 1,672 ", 264 , 259 , 22 , 31 ,"$17,770", $-   ," $667,980,131 ","$19,818","$667,980,131","$19,818"," 1,328 ", 895 
34,Univ. of Arkansas -,106397,1,No, 5 , 7 ,64,,," 26,754 ", 17 , 62 , 25.5 , 60 , 82 , 21 , 75 , 5 ,"$629,994,729","$33,107","$205,745,146","$189,315,846",25,23,47,"$898,907,868"," $133,660 ", 19 ," 1,333 ", 5 ,427," 23,195 "," 5,997 ","$767,906,927","$834,487,120","$37,010"," $133,660 "," $68,084 ", 790 ," 1,210 ", 40 , 10 , 20 , 80 , 3 ," 22,159 "," 4,595 "," 21,415 "," 5,339 "," 2,132 "," 3,346 "," 4,482 "," 1,208 ", 173 , 134 , 23 , 28 ,"$17,032", $-   ," $929,693,370 ","$40,082","$929,693,370","$40,082"," 1,149 ", 785 
35,Univ. of Mississippi,176017,1,No, 13 , 3 ,64,,," 23,212 ", 19 , 61 , 24.5 , 79 , 87 , 23 , 71 , 10 ,"$715,423,161","$83,424","$281,850,140","$228,280,647",14,12,26,"$600,000,000"," $94,040 ", 18 ," 2,162 ", 1 ,325," 21,514 "," 5,137 ","$1,794,778,831","$1,978,118,684","$27,120"," $59,502 ",, 983 ," 1,913 ", 44 , 9 , 20 , 89 , -   ," 18,785 "," 4,427 "," 20,665 "," 2,547 "," 1,608 "," 2,924 "," 3,659 ", 945 , 118 , 415 , 21 , 28 ,"$23,712"," $34,538 "," $666,670,997 ","$30,988","$666,670,997","$30,988"," 1,789 ", 976 
36,Univ. of South Carolina ,218663,1,No, 10 , 4 ,49,x,," 33,724 ", 25 , 72 , 26.5 , 65 , 87 , 18 , 72 , 9 ,"$807,992,014","$31,428","$117,338,183","$381,810,874",11,37,48,"$655,469,462"," $208,736 ", 19 ," 2,285 ", 8 ,256," 30,869 "," 8,588 ","$970,136,051","$1,043,044,592","$14,820"," $196,536 "," $4,149 "," 1,000 "," 1,722 ", 48 , 6 , 22 , 87 , 2 ," 25,237 "," 8,487 "," 29,441 "," 4,283 "," 1,482 "," 5,929 "," 6,210 "," 1,623 ", 358 , 393 , 24 , 29 ,"$16,170"," $12,200 "," $484,082,093 ","$15,682","$484,082,093","$15,682"," 1,440 ", 944 
37,Florida State Univ. ,134097,1,No, 8 , 17 ,38, x ,," 40,830 ", 20 , 79 , 27.0 , 56 , 93 , 24 , 75 , 6 ,"$889,846,982","$29,414","$361,291,258","$251,879,420",32,22,54,"$584,528,857"," $256,449 ", 25 ," 1,932 ", 2 ,226," 37,029 "," 12,751 ","$1,089,192,745","$1,128,649,111","$15,817"," $246,589 ",," 1,080 "," 1,635 ", 46 , 6 , 18 , 86 , 6 ," 32,706 "," 8,124 "," 35,129 "," 5,701 "," 1,967 "," 5,438 "," 9,604 "," 2,153 ", 424 , 393 , 25 , 29 ,"$16,559"," $9,860 "," $624,556,561 ","$16,867","$624,556,561","$16,867"," 1,486 "," 1,067 "
38,Univ. of Oklahoma ,207500,1,No, 5 , 8 ,51,,," 27,428 ", 22 , 66 , 26.5 , 78 , 86 , 21 , 67 , 6 ,"$680,320,000","$38,989","$147,149,000","$278,121,000",16,30,47,"$1,521,000,000"," $242,367 ", 18 ," 1,447 ", 3 ,299," 23,227 "," 6,358 ","$905,616,000","$912,800,000","$60,019"," $150,026 ",, 949 ," 1,276 ", 35 , 12 , 27 , 77 , 1 ," 21,297 "," 6,131 "," 21,127 "," 6,301 "," 2,607 "," 4,738 "," 4,279 "," 1,713 ", 218 , 148 , 24 , 29 ,"$18,309"," $92,341 "," $965,937,000 ","$41,586","$965,937,000","$41,586"," 1,191 ", 948 
39,Univ. of Nebraska ,181464,1,No, 3 , 5 ,51,, x ," 25,260 ", 20 , 67 , 25.0 , 76 , 83 , 25 , 75 , 9 ,"$754,702,649","$44,368","$272,388,353","$202,702,615",25,19,44,"$1,475,090,000"," $284,438 ", 21 ," 1,349 ", 9 ,469," 22,727 "," 5,359 ","$1,008,342,236","$1,084,103,910","$33,593"," $284,438 "," $81,383 "," 1,027 "," 1,276 ", 40 , 6 , 19 , 85 , 2 ," 20,182 "," 5,078 "," 21,460 "," 3,800 "," 1,117 "," 3,696 "," 4,029 ", 860 , 325 , 139 , 22 , 28 ,"$20,905", $-   ," $203,672,175 ","$8,962","$203,672,175","$8,962"," 1,239 "," 1,011 "
40,Delaware,130943,1,No, 6 , 7 ,30,, x ," 22,852 ", 16 , 79 , 26.5 , 67 , 92 , 15 , 75 , 5 ,"$790,194,000","$42,355","$117,005,000","$406,304,000",12,43,55,"$1,261,782,826"," $175,724 ", 16 ," 1,162 ", 6 ,," 21,325 "," 5,990 ","$903,231,000","$953,442,000","$60,844"," $175,724 "," $32,695 ", 842 ," 1,133 ", 52 , 4 , 14 , 90 , 7 ," 19,100 "," 3,752 "," 20,562 "," 2,290 ", 784 ," 2,508 "," 4,500 ", 891 , 237 , 37 , 24 , 29 ,"$24,539", $-   , $-   ,$0,"$312,293,000","$14,644"," 1,119 ", 839 
41,Colorado State,126818,1,No, 2 , 10 ,63,, x ," 30,614 ", 22 , 67 , 25.0 , 81 , 87 , 21 , 71 , 5 ,"$838,968,977","$38,250","$2,355,000","$363,593,739",0,36,37,"$425,200,000"," $317,219 ", 18 ," 1,907 ", 8 ,," 26,149 "," 7,361 ","$1,000,200,336","$1,000,011,256","$16,260"," $317,219 "," $36,811 "," 1,094 "," 1,700 ", 45 , 5 , 20 , 78 , 8 ," 23,917 "," 6,697 "," 23,917 "," 6,697 "," 1,314 "," 4,863 "," 5,229 "," 1,755 ", 251 , 126 , 22 , 28 ,"$13,995", $-   ," $297,089,069 ","$11,361","$297,089,069","$11,361"," 1,301 ", 995 
42,Univ. of Kansas ,155317,1,No, 4 , 6 ,56,,," 27,259 ", 29 , 61 , 25.0 , 93 , 80 , 24 , 63 , 15 ,"$994,983,111","$48,842","$244,734,520","$289,104,231",19,23,42,"$1,475,157,887"," $311,383 ", 16 ," 2,590 ", 8 ,298," 24,450 "," 6,502 ","$1,194,203,648","$1,265,256,171","$65,137"," $192,766 "," $1,714 "," 1,313 "," 2,309 ", 45 , 10 , 28 , 85 , 5 ," 19,245 "," 8,014 "," 23,046 "," 4,213 "," 1,869 "," 5,791 "," 4,082 "," 1,467 ", 390 , 563 , 22 , 28 ,"$21,834"," $118,617 "," $1,494,880,664 ","$61,139","$1,494,880,664","$61,139"," 2,169 "," 1,287 "
43, Arizona State,104151,1,No, 4 , 17 ,63,,," 51,984 ", 20 , 66 , 25.5 , 83 , 86 , 28 , 70 , 6 ,"$1,796,600,000","$42,248","$338,042,000","$1,021,014,000",16,48,64,"$612,589,550"," $458,412 ", 23 ," 2,103 ", 9 ,," 47,932 "," 13,022 ","$2,025,050,000","$2,117,290,000","$6,903"," $458,412 ",," 1,365 "," 1,991 ", 43 , 12 , 23 , 88 , 22 ," 41,828 "," 10,156 "," 45,906 "," 6,078 "," 5,149 "," 6,836 "," 9,075 "," 3,196 ", 528 , 223 , 23 , 28 ,"$28,354", $-   ," $625,833,000 ","$13,057","$625,833,000","$13,057"," 1,935 "," 1,329 "
44,Georgia Tech,139755,1,No, 6 , 6 ,7,,," 25,034 ", 40 , 85 , 31.5 , 32 , 97 , 13 , 58 , 9 ,"$1,335,978,966","$67,217","$227,216,008","$318,573,215",15,20,35,"$1,843,763,800"," $765,370 ", 19 ," 1,072 ", 15 ,," 21,372 "," 5,682 ","$1,436,558,192","$1,563,387,433","$82,918"," $765,370 ",, 939 ," 1,133 ", 31 , 4 , 30 , 78 , 26 ," 15,142 "," 9,892 "," 19,541 "," 5,493 ", 647 ," 6,880 "," 3,274 "," 1,882 ", 526 , -   , 29 , 34 ,"$25,538", $-   ," $1,889,014,000 ","$88,387","$1,889,014,000","$88,387"," 1,031 ", 923 
45,U. of Massachusetts,166629,1,No, 4 , 5 ,27,,," 29,269 ", 22 , 78 , 27.0 , 58 , 91 , 21 , 77 , 4 ,"$824,901,602","$41,912","$298,423,000","$341,462,000",26,30,57,"$287,212,784"," $213,902 ", 18 ," 1,635 ", 12 ,178," 25,316 "," 7,838 ","$1,061,031,000","$1,132,525,000","$11,225"," $213,902 "," $24,915 "," 1,054 "," 1,426 ", 59 , 8 , 24 , 80 , 7 ," 22,748 "," 6,521 "," 23,339 "," 5,930 "," 1,754 "," 5,281 "," 6,069 "," 1,418 ", 268 , 29 , 25 , 29 ,"$25,276", $-   ," $307,098,028 ","$12,131","$307,098,028","$12,131"," 1,321 "," 1,051 "
46,Univ. of Colorado ,126614,1,No, 2 , 10 ,38,,," 33,056 ", 18 , 71 , 27.0 , 80 , 86 , 16 , 76 , 8 ,"$1,054,279,692","$43,647","$197,543,100","$539,664,752",14,40,54,"$1,062,663,825"," $420,775 ", 18 ," 2,151 ", 19 ,186," 29,348 "," 7,682 ","$1,280,963,589","$1,365,034,609","$19,603"," $420,775 ", $10 ," 1,086 "," 1,688 ", 31 , 6 , 18 , 83 , 30 ," 27,142 "," 5,914 "," 27,494 "," 5,562 "," 1,749 "," 4,228 "," 5,851 "," 1,225 ", 434 , 172 , 24 , 30 ,"$25,120", $-   , $-   ,$0,"$528,800,000","$18,018"," 1,457 "," 1,080 "
47,Univ. of Oregon ,209551,1,No, 2 , 9 ,46,,," 24,032 ", 15 , 71 , 24.0 , 74 , 88 , 24 , 81 , 5 ,"$602,894,543","$38,081","$55,861,601","$368,096,326",6,42,49,"$706,973,000"," $79,698 ", 19 ," 1,558 ", 7 ,375," 22,441 "," 6,327 ","$854,592,766","$871,529,643","$31,375"," $79,698 ",, 732 ," 1,222 ", 38 , 8 , 18 , 90 , 10 ," 20,538 "," 3,494 "," 21,646 "," 2,386 "," 1,648 "," 2,608 "," 5,110 ", 897 , 199 , 121 , 21 , 27 ,"$18,892", $-   ," $659,671,118 ","$29,395","$659,671,118","$29,395"," 1,054 ", 711 
48,SUNY - Stony Brook,196097,1,No, 6 , 9 ,42, x ,," 25,272 ", 33 , 68 , 28.0 , 41 , 90 , 32 , 64 , 9 ,"$983,256,325","$103,451","$455,214,819","$216,565,759",20,10,30,"$262,190,973"," $220,580 ", 17 ," 2,405 ", 11 ,134," 22,457 "," 6,828 ","$2,323,244,463","$2,241,079,986","$11,691"," $124,600 ",," 1,084 "," 1,910 ", 44 , 8 , 28 , 83 , 15 ," 16,831 "," 8,441 "," 21,050 "," 4,222 "," 1,350 "," 5,818 "," 4,363 "," 1,865 ", 347 , 253 , 25 , 31 ,"$29,914"," $95,980 "," $196,350,990 ","$8,743","$196,350,990","$8,743"," 1,663 "," 1,010 "
49,UC-Irvine,110653,1,No, 2 , 22 ,9, x ,," 30,836 ", 18 , 88 , 25.5 , 39 , 93 , 43 , 77 , 7 ,"$1,422,918,406","$83,452","$260,685,000","$446,990,000",10,17,28,"$498,171,336"," $329,798 ", 19 ," 2,148 ", 15 ,," 30,313 "," 8,767 ","$2,529,696,000","$2,562,418,000","$15,956"," $198,226 ",," 1,170 "," 1,868 ", 42 , 4 , 16 , 97 , 30 ," 25,256 "," 5,580 "," 30,052 ", 784 ," 1,110 "," 3,829 "," 6,763 "," 1,412 ", 390 , 202 , 22 , 29 ,"$23,345"," $131,572 "," $310,163,000 ","$10,232","$310,163,000","$10,232"," 1,723 "," 1,159 "
50,UC-San Diego,110680,1,No, 1 , 14 ,10, x ,," 32,906 ", 19 , 87 , 30.0 , 34 , 95 , 33 , 76 , 9 ,"$2,476,828,384","$124,089","$311,133,000","$500,926,000",7,11,18,"$1,176,581,371"," $1,101,466 ", 19 ," 2,607 ", 35 ,," 32,239 "," 7,724 ","$4,000,535,000","$4,442,592,000","$35,383"," $561,519 ",," 1,248 "," 2,273 ", 39 , 6 , 17 , 97 , 118 ," 26,590 "," 6,316 "," 31,906 "," 1,000 "," 1,506 "," 4,043 "," 5,884 "," 1,156 ", 505 , 179 , 27 , 33 ,"$25,188"," $539,947 "," $534,912,000 ","$16,592","$534,912,000","$16,592"," 2,075 "," 1,226 "
51,Connecticut,129020,1,No, 5 , 8 ,20, x ,," 27,043 ", 30 , 83 , 27.5 , 53 , 92 , 19 , 69 , 9 ,"$1,344,117,519","$89,352","$631,344,030","$324,520,586",25,13,38,"$377,170,484"," $259,397 ", 17 ," 2,032 ", 8 ,," 24,826 "," 8,216 ","$2,218,286,038","$2,512,327,247","$13,088"," $165,959 "," $7,011 "," 1,298 "," 1,864 ", 50 , 3 , 23 , 88 , 1 ," 18,826 "," 8,217 "," 23,718 "," 3,325 ", 579 ," 5,529 "," 5,692 "," 1,744 ", 339 , 421 , 25 , 30 ,"$38,502"," $93,438 "," $367,014,863 ","$14,783","$367,014,863","$14,783"," 1,896 "," 1,290 "
52, Iowa,153658,1,No, 3 , 6 ,35, x ,," 30,844 ", 24 , 72 , 25.5 , 81 , 85 , 21 , 71 , 12 ,"$1,213,507,000","$108,223","$242,855,000","$384,359,000",8,12,20,"$1,269,775,800"," $443,218 ", 15 ," 2,685 ", 12 ,," 26,695 "," 7,649 ","$2,888,984,000","$3,158,401,000","$45,111"," $208,523 ",," 1,497 "," 2,442 ", 44 , 8 , 23 , 80 , 22 ," 23,357 "," 7,487 "," 24,620 "," 6,224 "," 1,879 "," 5,303 "," 5,419 "," 1,287 ", 453 , 490 , 23 , 28 ,"$23,496"," $234,695 "," $1,251,356,000 ","$46,877","$1,251,356,000","$46,877"," 2,320 "," 1,391 "
53,Buffalo,196088,1,No, 6 , 5 ,43, x ,," 29,796 ", 33 , 74 , 25.5 , 60 , 88 , 31 , 58 , 12 ,"$946,384,957","$39,259","$413,094,614","$251,923,446",41,25,66,"$600,960,825"," $382,935 ", 13 ," 2,348 ", 13 ,," 26,496 "," 8,520 ","$1,040,215,629","$1,004,776,566","$22,688"," $193,651 ",," 1,149 "," 1,847 ", 47 , 7 , 25 , 83 , 7 ," 19,953 "," 9,843 "," 24,846 "," 4,950 "," 1,494 "," 6,069 "," 4,983 "," 2,509 ", 342 , 686 , 23 , 28 ,"$25,099"," $189,284 "," $624,790,675 ","$23,581","$624,790,675","$23,581"," 1,597 "," 1,128 "
54,Utah,230764,1,No, 1 , 10 ,52, x ,," 31,592 ", 25 , 64 , 24.5 , 81 , 89 , 27 , 66 , 10 ,"$1,723,572,000","$144,701","$287,929,000","$304,008,000",7,8,15,"$957,990"," $518,928 ", 16 ," 1,723 ", 13 ,," 25,818 "," 7,961 ","$3,735,900,000","$3,988,353,000",$41," $298,410 ",," 1,144 "," 1,716 ", 34 , 27 , 40 , 73 , 20 ," 23,794 "," 7,798 "," 22,931 "," 8,661 "," 6,355 "," 6,295 "," 5,246 "," 1,948 ", 384 , 383 , 21 , 28 ,"$22,927"," $220,518 "," $723,827,000 ","$28,036","$723,827,000","$28,036"," 1,712 "," 1,141 "
55,UC-Riverside,110671,1,No, 4 , 33 ,58, x ,," 21,385 ", 13 , 73 , 24.0 , 56 , 91 , 52 , 86 , 5 ,"$671,223,441","$37,916","$219,025,000","$275,070,000",25,32,57,"$191,420,248"," $144,511 ", 19 ," 1,007 ", 9 ,," 21,076 "," 5,522 ","$799,111,000","$872,159,000","$8,934"," $138,775 "," $16,754 ", 689 , 899 , 54 , 5 , 13 , 98 , 8 ," 18,607 "," 2,778 "," 20,921 ", 464 , 925 ," 1,904 "," 4,729 ", 521 , 272 , -   , 21 , 27 ,"$23,444"," $5,736 "," $136,003,000 ","$6,453","$136,003,000","$6,453", 844 , 682 
56, Arizona,104179,1,No, 4 , 23 ,62, x ,," 42,595 ", 22 , 61 , 24.0 , 76 , 80 , 28 , 73 , 10 ,"$1,575,255,000","$47,870","$294,475,000","$554,768,000",14,27,42,"$754,401,000"," $606,219 ", 22 ," 2,425 ", 12 ,," 38,603 "," 9,717 ","$1,847,924,000","$2,042,135,000","$17,724"," $434,135 "," $56,581 "," 1,549 "," 2,026 ", 41 , 8 , 23 , 86 , 30 ," 33,331 "," 9,264 "," 36,607 "," 5,988 "," 2,657 "," 7,152 "," 7,076 "," 1,702 ", 528 , 411 , -   , -   ,"$21,999"," $172,084 "," $760,679,000 ","$19,705","$760,679,000","$19,705"," 1,820 "," 1,449 "
,,,,,,,,,,,,,,,,,,,,,,,,,,,,,,,,,,,,,,,,,,,,,,,,,,,,,,,,,,,,,,,,,
,,,,,,,,,,,,,,,,,,,,,,,,,,,,,,,,,,,,,,,,,,,,,,,,,,,,,,,,,,,,,,,,,
,,,,,,,,,,,,,,,,,,,,,,,,,,,,,,,,,,,,,,,,,,,,,,,,,,,,,,,,,,,,,,,,,
,,,,,,,,,,,,,,,,,,,,,,,,,,,,,,,,,,,,,,,,,,,,,,,,,,,,,,,,,,,,,,,,,
,,,,,,,,,,,,,,,,,,,,,,,,,,,,,,,,,,,,,,,,,,,,,,,,,,,,,,,,,,,,,,,,,
,,,,,,,,,,,,,,,,,,,,,,,,,,,,,,,,,,,,,,,,,,,,,,,,,,,,,,,,,,,,,,,,,
,,,,,,,,,,,,,,,,,,,,,,,,,,,,,,,,,,,,,,,,,,,,,,,,,,,,,,,,,,,,,,,,,
,,,,,,,,,,,,,,,,,,,,,,,,,,,,,,,,,,,,,,,,,,,,,,,,,,,,,,,,,,,,,,,,,
,,,,,,,,,,,,,,,,,,,,,,,,,,,,,,,,,,,,,,,,,,,,,,,,,,,,,,,,,,,,,,,,,
,,,,,,,,,,,,,,,,,,,,,,,,,,,,,,,,,,,,,,,,,,,,,,,,,,,,,,,,,,,,,,,,,
,,,,,,,,,,,,,,,,,,,,,,,,,,,,,,,,,,,,,,,,,,,,,,,,,,,,,,,,,,,,,,,,,
,,,,,,,,,,,,,,,,,,,,,,,,,,,,,,,,,,,,,,,,,,,,,,,,,,,,,,,,,,,,,,,,,
,,,,,,,,,,,,,,,,,,,,,,,,,,,,,,,,,,,,,,,,,,,,,,,,,,,,,,,,,,,,,,,,,
,,,,,,,,,,,,,,,,,,,,,,,,,,,,,,,,,,,,,,,,,,,,,,,,,,,,,,,,,,,,,,,,,
,,,,,,,,,,,,,,,,,,,,,,,,,,,,,,,,,,,,,,,,,,,,,,,,,,,,,,,,,,,,,,,,,
,,,,,,,,,,,,,,,,,,,,,,,,,,,,,,,,,,,,,,,,,,,,,,,,,,,,,,,,,,,,,,,,,
,,,,,,,,,,,,,,,,,,,,,,,,,,,,,,,,,,,,,,,,,,,,,,,,,,,,,,,,,,,,,,,,,
,,,,,,,,,,,,,,,,,,,,,,,,,,,,,,,,,,,,,,,,,,,,,,,,,,,,,,,,,,,,,,,,,
,,,,,,,,,,,,,,,,,,,,,,,,,,,,,,,,,,,,,,,,,,,,,,,,,,,,,,,,,,,,,,,,,
,,,,,,,,,,,,,,,,,,,,,,,,,,,,,,,,,,,,,,,,,,,,,,,,,,,,,,,,,,,,,,,,,
,,,,,,,,,,,,,,,,,,,,,,,,,,,,,,,,,,,,,,,,,,,,,,,,,,,,,,,,,,,,,,,,,
,,,,,,,,,,,,,,,,,,,,,,,,,,,,,,,,,,,,,,,,,,,,,,,,,,,,,,,,,,,,,,,,,
,,,,,,,,,,,,,,,,,,,,,,,,,,,,,,,,,,,,,,,,,,,,,,,,,,,,,,,,,,,,,,,,,
,,,,,,,,,,,,,,,,,,,,,,,,,,,,,,,,,,,,,,,,,,,,,,,,,,,,,,,,,,,,,,,,,
,,,,,,,,,,,,,,,,,,,,,,,,,,,,,,,,,,,,,,,,,,,,,,,,,,,,,,,,,,,,,,,,,
,,,,,,,,,,,,,,,,,,,,,,,,,,,,,,,,,,,,,,,,,,,,,,,,,,,,,,,,,,,,,,,,,
,,,,,,,,,,,,,,,,,,,,,,,,,,,,,,,,,,,,,,,,,,,,,,,,,,,,,,,,,,,,,,,,,
,,,,,,,,,,,,,,,,,,,,,,,,,,,,,,,,,,,,,,,,,,,,,,,,,,,,,,,,,,,,,,,,,
,,,,,,,,,,,,,,,,,,,,,,,,,,,,,,,,,,,,,,,,,,,,,,,,,,,,,,,,,,,,,,,,,
,,,,,,,,,,,,,,,,,,,,,,,,,,,,,,,,,,,,,,,,,,,,,,,,,,,,,,,,,,,,,,,,,
,,,,,,,,,,,,,,,,,,,,,,,,,,,,,,,,,,,,,,,,,,,,,,,,,,,,,,,,,,,,,,,,,
,,,,,,,,,,,,,,,,,,,,,,,,,,,,,,,,,,,,,,,,,,,,,,,,,,,,,,,,,,,,,,,,,
,,,,,,,,,,,,,,,,,,,,,,,,,,,,,,,,,,,,,,,,,,,,,,,,,,,,,,,,,,,,,,,,,
,,,,,,,,,,,,,,,,,,,,,,,,,,,,,,,,,,,,,,,,,,,,,,,,,,,,,,,,,,,,,,,,,
,,,,,,,,,,,,,,,,,,,,,,,,,,,,,,,,,,,,,,,,,,,,,,,,,,,,,,,,,,,,,,,,,
,,,,,,,,,,,,,,,,,,,,,,,,,,,,,,,,,,,,,,,,,,,,,,,,,,,,,,,,,,,,,,,,,
,,,,,,,,,,,,,,,,,,,,,,,,,,,,,,,,,,,,,,,,,,,,,,,,,,,,,,,,,,,,,,,,,
,,,,,,,,,,,,,,,,,,,,,,,,,,,,,,,,,,,,,,,,,,,,,,,,,,,,,,,,,,,,,,,,,
,,,,,,,,,,,,,,,,,,,,,,,,,,,,,,,,,,,,,,,,,,,,,,,,,,,,,,,,,,,,,,,,,
,,,,,,,,,,,,,,,,,,,,,,,,,,,,,,,,,,,,,,,,,,,,,,,,,,,,,,,,,,,,,,,,,
,,,,,,,,,,,,,,,,,,,,,,,,,,,,,,,,,,,,,,,,,,,,,,,,,,,,,,,,,,,,,,,,,
,,,,,,,,,,,,,,,,,,,,,,,,,,,,,,,,,,,,,,,,,,,,,,,,,,,,,,,,,,,,,,,,,
,,,,,,,,,,,,,,,,,,,,,,,,,,,,,,,,,,,,,,,,,,,,,,,,,,,,,,,,,,,,,,,,,
,,,,,,,,,,,,,,,,,,,,,,,,,,,,,,,,,,,,,,,,,,,,,,,,,,,,,,,,,,,,,,,,,
,,,,,,,,,,,,,,,,,,,,,,,,,,,,,,,,,,,,,,,,,,,,,,,,,,,,,,,,,,,,,,,,,
,,,,,,,,,,,,,,,,,,,,,,,,,,,,,,,,,,,,,,,,,,,,,,,,,,,,,,,,,,,,,,,,,
,,,,,,,,,,,,,,,,,,,,,,,,,,,,,,,,,,,,,,,,,,,,,,,,,,,,,,,,,,,,,,,,,
,,,,,,,,,,,,,,,,,,,,,,,,,,,,,,,,,,,,,,,,,,,,,,,,,,,,,,,,,,,,,,,,,
,,,,,,,,,,,,,,,,,,,,,,,,,,,,,,,,,,,,,,,,,,,,,,,,,,,,,,,,,,,,,,,,,
,,,,,,,,,,,,,,,,,,,,,,,,,,,,,,,,,,,,,,,,,,,,,,,,,,,,,,,,,,,,,,,,,
,,,,,,,,,,,,,,,,,,,,,,,,,,,,,,,,,,,,,,,,,,,,,,,,,,,,,,,,,,,,,,,,,
,,,,,,,,,,,,,,,,,,,,,,,,,,,,,,,,,,,,,,,,,,,,,,,,,,,,,,,,,,,,,,,,,
,,,,,,,,,,,,,,,,,,,,,,,,,,,,,,,,,,,,,,,,,,,,,,,,,,,,,,,,,,,,,,,,,
,,,,,,,,,,,,,,,,,,,,,,,,,,,,,,,,,,,,,,,,,,,,,,,,,,,,,,,,,,,,,,,,,
,,,,,,,,,,,,,,,,,,,,,,,,,,,,,,,,,,,,,,,,,,,,,,,,,,,,,,,,,,,,,,,,,
,,,,,,,,,,,,,,,,,,,,,,,,,,,,,,,,,,,,,,,,,,,,,,,,,,,,,,,,,,,,,,,,,
,,,,,,,,,,,,,,,,,,,,,,,,,,,,,,,,,,,,,,,,,,,,,,,,,,,,,,,,,,,,,,,,,
,,,,,,,,,,,,,,,,,,,,,,,,,,,,,,,,,,,,,,,,,,,,,,,,,,,,,,,,,,,,,,,,,
,,,,,,,,,,,,,,,,,,,,,,,,,,,,,,,,,,,,,,,,,,,,,,,,,,,,,,,,,,,,,,,,,
,,,,,,,,,,,,,,,,,,,,,,,,,,,,,,,,,,,,,,,,,,,,,,,,,,,,,,,,,,,,,,,,,
,,,,,,,,,,,,,,,,,,,,,,,,,,,,,,,,,,,,,,,,,,,,,,,,,,,,,,,,,,,,,,,,,
,,,,,,,,,,,,,,,,,,,,,,,,,,,,,,,,,,,,,,,,,,,,,,,,,,,,,,,,,,,,,,,,,
,,,,,,,,,,,,,,,,,,,,,,,,,,,,,,,,,,,,,,,,,,,,,,,,,,,,,,,,,,,,,,,,,
,,,,,,,,,,,,,,,,,,,,,,,,,,,,,,,,,,,,,,,,,,,,,,,,,,,,,,,,,,,,,,,,,
,,,,,,,,,,,,,,,,,,,,,,,,,,,,,,,,,,,,,,,,,,,,,,,,,,,,,,,,,,,,,,,,,
,,,,,,,,,,,,,,,,,,,,,,,,,,,,,,,,,,,,,,,,,,,,,,,,,,,,,,,,,,,,,,,,,
,,,,,,,,,,,,,,,,,,,,,,,,,,,,,,,,,,,,,,,,,,,,,,,,,,,,,,,,,,,,,,,,,
,,,,,,,,,,,,,,,,,,,,,,,,,,,,,,,,,,,,,,,,,,,,,,,,,,,,,,,,,,,,,,,,,
,,,,,,,,,,,,,,,,,,,,,,,,,,,,,,,,,,,,,,,,,,,,,,,,,,,,,,,,,,,,,,,,,
,,,,,,,,,,,,,,,,,,,,,,,,,,,,,,,,,,,,,,,,,,,,,,,,,,,,,,,,,,,,,,,,,
,,,,,,,,,,,,,,,,,,,,,,,,,,,,,,,,,,,,,,,,,,,,,,,,,,,,,,,,,,,,,,,,,
,,,,,,,,,,,,,,,,,,,,,,,,,,,,,,,,,,,,,,,,,,,,,,,,,,,,,,,,,,,,,,,,,
,,,,,,,,,,,,,,,,,,,,,,,,,,,,,,,,,,,,,,,,,,,,,,,,,,,,,,,,,,,,,,,,,
,,,,,,,,,,,,,,,,,,,,,,,,,,,,,,,,,,,,,,,,,,,,,,,,,,,,,,,,,,,,,,,,,
,,,,,,,,,,,,,,,,,,,,,,,,,,,,,,,,,,,,,,,,,,,,,,,,,,,,,,,,,,,,,,,,,
,,,,,,,,,,,,,,,,,,,,,,,,,,,,,,,,,,,,,,,,,,,,,,,,,,,,,,,,,,,,,,,,,
,,,,,,,,,,,,,,,,,,,,,,,,,,,,,,,,,,,,,,,,,,,,,,,,,,,,,,,,,,,,,,,,,
,,,,,,,,,,,,,,,,,,,,,,,,,,,,,,,,,,,,,,,,,,,,,,,,,,,,,,,,,,,,,,,,,
,,,,,,,,,,,,,,,,,,,,,,,,,,,,,,,,,,,,,,,,,,,,,,,,,,,,,,,,,,,,,,,,,
,,,,,,,,,,,,,,,,,,,,,,,,,,,,,,,,,,,,,,,,,,,,,,,,,,,,,,,,,,,,,,,,,
,,,,,,,,,,,,,,,,,,,,,,,,,,,,,,,,,,,,,,,,,,,,,,,,,,,,,,,,,,,,,,,,,
,,,,,,,,,,,,,,,,,,,,,,,,,,,,,,,,,,,,,,,,,,,,,,,,,,,,,,,,,,,,,,,,,
,,,,,,,,,,,,,,,,,,,,,,,,,,,,,,,,,,,,,,,,,,,,,,,,,,,,,,,,,,,,,,,,,
,,,,,,,,,,,,,,,,,,,,,,,,,,,,,,,,,,,,,,,,,,,,,,,,,,,,,,,,,,,,,,,,,
,,,,,,,,,,,,,,,,,,,,,,,,,,,,,,,,,,,,,,,,,,,,,,,,,,,,,,,,,,,,,,,,,
,,,,,,,,,,,,,,,,,,,,,,,,,,,,,,,,,,,,,,,,,,,,,,,,,,,,,,,,,,,,,,,,,
,,,,,,,,,,,,,,,,,,,,,,,,,,,,,,,,,,,,,,,,,,,,,,,,,,,,,,,,,,,,,,,,,
,,,,,,,,,,,,,,,,,,,,,,,,,,,,,,,,,,,,,,,,,,,,,,,,,,,,,,,,,,,,,,,,,
,,,,,,,,,,,,,,,,,,,,,,,,,,,,,,,,,,,,,,,,,,,,,,,,,,,,,,,,,,,,,,,,,
,,,,,,,,,,,,,,,,,,,,,,,,,,,,,,,,,,,,,,,,,,,,,,,,,,,,,,,,,,,,,,,,,
,,,,,,,,,,,,,,,,,,,,,,,,,,,,,,,,,,,,,,,,,,,,,,,,,,,,,,,,,,,,,,,,,
,,,,,,,,,,,,,,,,,,,,,,,,,,,,,,,,,,,,,,,,,,,,,,,,,,,,,,,,,,,,,,,,,
,,,,,,,,,,,,,,,,,,,,,,,,,,,,,,,,,,,,,,,,,,,,,,,,,,,,,,,,,,,,,,,,,
,,,,,,,,,,,,,,,,,,,,,,,,,,,,,,,,,,,,,,,,,,,,,,,,,,,,,,,,,,,,,,,,,
,,,,,,,,,,,,,,,,,,,,,,,,,,,,,,,,,,,,,,,,,,,,,,,,,,,,,,,,,,,,,,,,,
,,,,,,,,,,,,,,,,,,,,,,,,,,,,,,,,,,,,,,,,,,,,,,,,,,,,,,,,,,,,,,,,,
,,,,,,,,,,,,,,,,,,,,,,,,,,,,,,,,,,,,,,,,,,,,,,,,,,,,,,,,,,,,,,,,,
,,,,,,,,,,,,,,,,,,,,,,,,,,,,,,,,,,,,,,,,,,,,,,,,,,,,,,,,,,,,,,,,,
,,,,,,,,,,,,,,,,,,,,,,,,,,,,,,,,,,,,,,,,,,,,,,,,,,,,,,,,,,,,,,,,,
,,,,,,,,,,,,,,,,,,,,,,,,,,,,,,,,,,,,,,,,,,,,,,,,,,,,,,,,,,,,,,,,,
,,,,,,,,,,,,,,,,,,,,,,,,,,,,,,,,,,,,,,,,,,,,,,,,,,,,,,,,,,,,,,,,,
,,,,,,,,,,,,,,,,,,,,,,,,,,,,,,,,,,,,,,,,,,,,,,,,,,,,,,,,,,,,,,,,,
,,,,,,,,,,,,,,,,,,,,,,,,,,,,,,,,,,,,,,,,,,,,,,,,,,,,,,,,,,,,,,,,,
,,,,,,,,,,,,,,,,,,,,,,,,,,,,,,,,,,,,,,,,,,,,,,,,,,,,,,,,,,,,,,,,,
,,,,,,,,,,,,,,,,,,,,,,,,,,,,,,,,,,,,,,,,,,,,,,,,,,,,,,,,,,,,,,,,,
,,,,,,,,,,,,,,,,,,,,,,,,,,,,,,,,,,,,,,,,,,,,,,,,,,,,,,,,,,,,,,,,,
,,,,,,,,,,,,,,,,,,,,,,,,,,,,,,,,,,,,,,,,,,,,,,,,,,,,,,,,,,,,,,,,,
,,,,,,,,,,,,,,,,,,,,,,,,,,,,,,,,,,,,,,,,,,,,,,,,,,,,,,,,,,,,,,,,,
,,,,,,,,,,,,,,,,,,,,,,,,,,,,,,,,,,,,,,,,,,,,,,,,,,,,,,,,,,,,,,,,,
,,,,,,,,,,,,,,,,,,,,,,,,,,,,,,,,,,,,,,,,,,,,,,,,,,,,,,,,,,,,,,,,,
,,,,,,,,,,,,,,,,,,,,,,,,,,,,,,,,,,,,,,,,,,,,,,,,,,,,,,,,,,,,,,,,,
,,,,,,,,,,,,,,,,,,,,,,,,,,,,,,,,,,,,,,,,,,,,,,,,,,,,,,,,,,,,,,,,,
,,,,,,,,,,,,,,,,,,,,,,,,,,,,,,,,,,,,,,,,,,,,,,,,,,,,,,,,,,,,,,,,,
,,,,,,,,,,,,,,,,,,,,,,,,,,,,,,,,,,,,,,,,,,,,,,,,,,,,,,,,,,,,,,,,,
,,,,,,,,,,,,,,,,,,,,,,,,,,,,,,,,,,,,,,,,,,,,,,,,,,,,,,,,,,,,,,,,,
,,,,,,,,,,,,,,,,,,,,,,,,,,,,,,,,,,,,,,,,,,,,,,,,,,,,,,,,,,,,,,,,,
,,,,,,,,,,,,,,,,,,,,,,,,,,,,,,,,,,,,,,,,,,,,,,,,,,,,,,,,,,,,,,,,,
,,,,,,,,,,,,,,,,,,,,,,,,,,,,,,,,,,,,,,,,,,,,,,,,,,,,,,,,,,,,,,,,,
,,,,,,,,,,,,,,,,,,,,,,,,,,,,,,,,,,,,,,,,,,,,,,,,,,,,,,,,,,,,,,,,,
,,,,,,,,,,,,,,,,,,,,,,,,,,,,,,,,,,,,,,,,,,,,,,,,,,,,,,,,,,,,,,,,,
,,,,,,,,,,,,,,,,,,,,,,,,,,,,,,,,,,,,,,,,,,,,#DIV/0!,,,,,,,,,,,,,,,,,,,,,
,,,,,,,,,,,,,,,,,,,,,,,,,,,,,,,,,,,,,,,,,,,,#DIV/0!,,,,,,,,,,,,,,,,,,,,,
,,,,,,,,,,,,,,,,,,,,,,,,,,,,,,,,,,,,,,,,,,,,#DIV/0!,,,,,,,,,,,,,,,,,,,,,
,,,,,,,,,,,,,,,,,,,,,,,,,,,,,,,,,,,,,,,,,,,,#DIV/0!,,,,,,,,,,,,,,,,,,,,,
,,,,,,,,,,,,,,,,,,,,,,,,,,,,,,,,,,,,,,,,,,,,#DIV/0!,,,,,,,,,,,,,,,,,,,,,
,,,,,,,,,,,,,,,,,,,,,,,,,,,,,,,,,,,,,,,,,,,,#DIV/0!,,,,,,,,,,,,,,,,,,,,,
,,,,,,,,,,,,,,,,,,,,,,,,,,,,,,,,,,,,,,,,,,,,#DIV/0!,,,,,,,,,,,,,,,,,,,,,
,,,,,,,,,,,,,,,,,,,,,,,,,,,,,,,,,,,,,,,,,,,,#DIV/0!,,,,,,,,,,,,,,,,,,,,,
,,,,,,,,,,,,,,,,,,,,,,,,,,,,,,,,,,,,,,,,,,,,#DIV/0!,,,,,,,,,,,,,,,,,,,,,
,,,,,,,,,,,,,,,,,,,,,,,,,,,,,,,,,,,,,,,,,,,,#DIV/0!,,,,,,,,,,,,,,,,,,,,,